{
  "information": {
    "id": "view-images",
    "name": "View Images",
    "description": "Generates an HTML file with a unique name and returns the file name.",
    "block_version": "block version number",
    "block_source": "core/blocks/view-images",
    "block_type": "view",
    "system_versions": [
      "0.1"
    ]
  },
  "inputs": {
    "image_paths_view": {
      "type": "List[file]",
      "connections": [
        {
          "variable": "image_paths",
          "block": "canny-edge-k2o7j05im846"
        }
      ],
      "relays": []
    }
  },
  "outputs": {
    "html": {
      "type": "file",
      "connections": [],
      "relays": []
    }
  },
  "action": {
    "container": {
      "image": "view-images",
      "version": "latest",
      "command_line": [
        "python",
        "-u",
        "entrypoint.py"
      ]
    }
  },
  "views": {
    "mode": "modal",
    "node": {
      "active": "True or False",
      "title_bar": {
        "background_color": "#D55908"
      },
      "preview": {
        "active": "true"
      },
      "html": "",
      "pos_x": "1781",
      "pos_y": "471.1764705882353",
      "pos_z": "999, this is the z-index for 2D canvas"
    }
  },
  "events": {}
}