{
  "information": {
    "id": "canny-edge",
    "name": "Canny Edge",
    "description": "Computes the Canny edge detection on an image at various thresholds and saves the results.",
    "block_version": "block version number",
    "block_source": "core/blocks/canny-edge",
    "block_type": "compute",
    "system_versions": [
      "0.1"
    ]
  },
  "inputs": {
    "image_path": {
      "type": "Any",
      "connections": [
        {
          "variable": "path",
          "block": "file-6wt21sinahw9"
        }
      ],
      "relays": []
    },
    "range_min": {
      "type": "Any",
      "connections": [
        {
          "variable": "integer",
          "block": "integer-k8ofck2f0526"
        }
      ],
      "relays": []
    },
    "range_max": {
      "type": "Any",
      "connections": [
        {
          "variable": "integer",
          "block": "integer-ysz270fifd7a"
        }
      ],
      "relays": []
    },
    "step": {
      "type": "Any",
      "connections": [
        {
          "variable": "integer",
          "block": "integer-stxxg34rdp8v"
        }
      ],
      "relays": []
    }
  },
  "outputs": {
    "image_paths": {
      "type": "Any",
      "connections": [
        {
          "variable": "image_paths_view",
          "block": "view-images-hfmt87k102op"
        }
      ],
      "relays": []
    }
  },
  "action": {
    "container": {
      "image": "canny-edge",
      "version": "latest",
      "command_line": [
        "python",
        "-u",
        "entrypoint.py"
      ]
    }
  },
  "views": {
    "node": {
      "active": "True or False",
      "title_bar": {},
      "preview": {},
      "html": "",
      "pos_x": "1281",
      "pos_y": "432",
      "pos_z": "999, this is the z-index for 2D canvas"
    }
  },
  "events": {}
}